City,Lat,Lng,Max Temp,Humidity,Cloudiness,Wind Speed,Country,Date
Poum,-20.2333,164.0167,79.21,77,100,21.43,NC,1616169771
Port,-7.0349,29.7638,77.38,69,89,1.9,CD,1616169771
Luanda,-8.8368,13.2343,86.0,70,20,13.8,AO,1616169772
Alofi,-19.0595,-169.9187,75.2,100,100,3.44,NU,1616169772
Bethel,41.3712,-73.414,35.6,32,1,16.11,US,1616169773
Atuona,-9.8,-139.0333,80.01,76,58,12.8,PF,1616169773
Pevek,69.7008,170.3133,-20.2,87,98,1.9,RU,1616169774
Rawson,-43.3002,-65.1023,78.17,24,0,15.7,AR,1616169208
Virginia,37.5481,-77.4467,41.0,87,75,12.66,US,1616168987
Mount,53.6597,-1.8537,46.99,88,100,3.0,GB,1616169209
Bluff,-46.6,168.3333,55.0,83,100,4.0,NZ,1616169124
Ryōtsu-minato,38.0833,138.4333,42.82,66,0,10.63,JP,1616169209
Geraldton,-28.7667,114.6,69.8,56,0,5.75,AU,1616169210
Faanui,-16.4833,-151.75,81.79,67,15,4.76,PF,1616169210
Mys,62.0589,48.6201,23.27,95,100,5.68,RU,1616169211
Solnechnyy,50.7214,136.6319,17.08,87,39,1.74,RU,1616169212
Kupang,-10.1667,123.5833,78.46,82,87,8.72,ID,1616169212
Namatanai,-3.6667,152.4333,80.06,77,9,6.49,PG,1616169213
Rikitea,-23.1203,-134.9692,80.17,77,100,12.39,PF,1616169019
Ballina,-28.8667,153.5667,69.8,94,90,2.3,AU,1616169213
Korla,41.7597,86.1469,38.21,67,0,2.15,CN,1616169214
Santa,17.486,120.4348,79.03,82,99,4.32,PH,1616169214
Barrow,71.2906,-156.7887,-7.6,77,90,3.44,US,1616168990
Mahébourg,-20.4081,57.7,78.8,83,20,5.75,MU,1616169215
Ozernovskiy,51.5,156.5167,26.58,95,100,12.03,RU,1616169216
Carnarvon,-24.8667,113.6333,80.6,69,0,9.22,AU,1616169216
Okhotsk,59.3833,143.3,2.73,65,0,15.55,RU,1616169114
Ribeira,42.7461,-8.4439,55.0,93,75,13.8,ES,1616169217
Yueyang,29.3333,113.0919,48.52,84,96,16.08,CN,1616169217
Hermanus,-34.4187,19.2345,69.01,62,100,5.01,ZA,1616169218
Punta,8.9897,125.34,76.57,88,82,3.29,PH,1616169218
Unaí,-16.3575,-46.9061,83.66,60,89,6.08,BR,1616169152
Ushuaia,-54.8,-68.3,51.8,58,40,5.75,AR,1616169044
Chokurdakh,70.6333,147.9167,-17.81,79,100,8.28,RU,1616169219
Skibbereen,51.55,-9.2667,55.4,76,75,5.75,IE,1616169220
Omsukchan,62.5333,155.8,-23.01,99,100,4.32,RU,1616169220
Nîmes,43.8333,4.35,44.6,70,90,11.5,FR,1616169221
Tuktoyaktuk,69.4541,-133.0374,-18.4,76,40,9.22,CA,1616169221
Cayenne,4.9333,-52.3333,86.0,62,75,11.5,GF,1616169222
Sørland,67.667,12.6934,44.6,70,90,20.71,NO,1616169223
Mar,43.4002,-4.0094,51.01,93,75,13.8,ES,1616169223
Kangaatsiaq,68.3065,-53.4641,18.12,73,100,11.05,GL,1616169224
Kahului,20.8947,-156.47,71.6,68,1,13.53,US,1616169002
Cape,-36.413,-71.9028,64.4,63,75,3.44,CL,1616169224
Souillac,-20.5167,57.5167,78.8,83,20,5.75,MU,1616169225
Dikson,73.5069,80.5464,-32.15,94,0,5.03,RU,1616169226
Khatanga,71.9667,102.5,-31.58,97,100,4.18,RU,1616169226
Albany,42.6001,-73.9662,32.0,27,1,4.0,US,1616169227
Tortolì,39.9256,9.6572,50.0,87,40,11.5,IT,1616169227
Yellowknife,62.456,-114.3525,15.8,73,75,11.5,CA,1616169048
Provideniya,64.3833,-173.3,-11.45,96,28,12.68,RU,1616169228
Port,-7.0349,29.7638,77.38,69,89,1.9,CD,1616169229
Nouadhibou,20.931,-17.0347,71.6,60,0,18.41,MR,1616169229
Lebu,-37.6167,-73.65,59.41,75,20,9.91,CL,1616169182
Tasiilaq,65.6145,-37.6368,30.2,74,20,10.36,GL,1616169176
Asău,46.4333,26.4,33.01,67,100,3.56,RO,1616169230
Naze,28.3667,129.4833,66.22,88,27,6.15,JP,1616169147
Acapulco de Juárez,16.8634,-99.8901,80.6,65,1,3.44,MX,1616169231
Burē,10.7,37.0667,69.89,44,75,2.55,ET,1616169232
Gizo Government Station,-8.103,156.8419,82.29,73,87,5.57,SB,1616169232
Naica,27.85,-105.4833,60.64,22,0,7.36,MX,1616169233
Kindu,-2.95,25.95,82.13,67,79,1.61,CD,1616169233
Camaná,-16.6228,-72.7111,75.11,68,66,8.28,PE,1616169234
Avarua,-21.2078,-159.775,77.0,88,75,4.61,CK,1616169234
Znamenskoye,57.1281,73.8282,24.82,82,100,11.18,RU,1616169235
Crişan,44.9667,29.4667,43.0,65,20,8.05,RO,1616169236
Rohri,27.6922,68.8951,80.6,61,3,5.28,PK,1616169236
Kruisfontein,-34.0033,24.7314,64.99,91,100,4.0,ZA,1616169237
Jarocin,51.9727,17.5026,35.01,97,100,15.01,PL,1616169237
Jamestown,42.097,-79.2353,35.01,46,1,14.83,US,1616169048
Biak,-0.9131,122.8766,78.04,76,93,2.71,ID,1616169238
Castro,-24.7911,-50.0119,74.05,75,54,8.05,BR,1616169239
Severo-Kuril'sk,50.6789,156.125,27.57,89,100,15.57,RU,1616169186
Yulara,-25.2406,130.9889,77.0,31,100,8.05,AU,1616169240
Samarai,-10.6167,150.6667,82.22,76,4,5.48,PG,1616169240
Galle,6.0367,80.217,79.48,77,100,4.12,LK,1616169058
Tambovka,50.0969,128.0489,17.6,67,0,2.24,RU,1616169241
Hithadhoo,-0.6,73.0833,82.53,73,100,11.81,MV,1616169241
Hambantota,6.1241,81.1185,75.2,100,40,4.54,LK,1616169242
Bengkulu,-3.8004,102.2655,77.11,88,100,4.18,ID,1616169243
Port,-7.0349,29.7638,77.38,69,89,1.9,CD,1616169243
Bānda,25.4833,80.3333,84.2,28,100,17.52,IN,1616169244
Butaritari,3.0707,172.7902,80.85,79,100,10.6,KI,1616169244
Mataura,-46.1927,168.8643,55.0,83,92,4.0,NZ,1616169245
Upernavik,72.7868,-56.1549,7.63,83,100,2.39,GL,1616169246
Clyde,41.3042,-82.9752,35.01,62,0,1.99,US,1616169247
Touros,-5.1989,-35.4608,86.0,66,40,17.27,BR,1616169247
Faya,18.3851,42.4509,69.8,60,20,10.36,SA,1616169241
Waipawa,-41.4122,175.5153,53.6,76,0,4.61,NZ,1616169248
Vaini,-21.2,-175.2,75.2,94,40,4.61,TO,1616169249
Hilo,19.7297,-155.09,66.2,82,75,4.61,US,1616169793
Pisco,-13.7,-76.2167,73.99,78,0,8.05,PE,1616169250
Beringovskiy,63.05,179.3167,-7.65,99,100,12.77,RU,1616169250
Basco,20.4487,121.9702,76.06,85,66,15.01,PH,1616169251
Luau,-10.7073,22.2247,74.66,83,82,3.36,AO,1616169251
Iqaluit,63.7506,-68.5145,-14.01,64,20,20.71,CA,1616169062
Kondinskoye,59.6481,67.41,23.2,97,100,3.56,RU,1616169252
Qaanaaq,77.484,-69.3632,-7.62,74,99,3.53,GL,1616169253
Grand,38.8755,-109.5012,46.4,46,1,10.36,US,1616169253
Saryg-Sep,51.5,95.6,7.48,92,1,2.44,RU,1616169254
Saskylakh,71.9167,114.0833,-31.49,97,0,4.81,RU,1616169255
Hong Kong,22.2855,114.1577,75.0,86,3,1.99,HK,1616169095
Narsaq,60.9167,-46.05,28.4,50,75,4.61,GL,1616169255
Xining,36.6167,101.7667,26.87,77,95,6.62,CN,1616169256
Valavanur,11.9209,79.5824,75.09,78,1,6.17,IN,1616169256
Killarney,52.05,-9.5167,57.36,73,8,5.84,IE,1616169257
Saldanha,-33.0117,17.9442,73.4,46,30,19.57,ZA,1616169257
Osoyoos,49.0331,-119.4524,41.0,87,69,4.61,CA,1616169258
Torbay,47.6666,-52.7314,42.01,93,90,32.21,CA,1616169259
Luena,-11.7833,19.9167,72.3,84,81,3.69,AO,1616169259
Fortuna,40.5982,-124.1573,46.99,93,1,6.91,US,1616169249
New,6.6518,-10.5932,89.6,66,20,12.66,LR,1616169136
Vostok,46.4856,135.8833,14.88,95,66,3.42,RU,1616169243
Barsovo,61.1667,73.1667,26.6,86,0,2.24,RU,1616169261
Yangi Marg`ilon,40.4272,71.7189,55.4,41,87,6.91,UZ,1616169261
Nikolskoye,59.7035,30.7861,23.0,54,75,8.95,RU,1616169262
El Puerto de Santa María,36.5939,-6.233,66.2,34,0,10.36,ES,1616169262
Lorengau,-2.0226,147.2712,80.69,75,23,2.46,PG,1616169263
Kalabo,-14.97,22.6814,74.23,80,99,5.39,ZM,1616169264
Ushtobe,45.2514,77.9838,32.81,74,0,10.02,KZ,1616169264
Inari,68.906,27.0288,23.0,63,100,24.16,FI,1616169265
Bredasdorp,-34.5322,20.0403,69.8,49,100,9.22,ZA,1616169266
Praia,14.9215,-23.5087,80.6,50,0,20.71,CV,1616169266
Norman,35.2226,-97.4395,50.0,66,1,12.66,US,1616169124
Hobart,-42.8794,147.3294,57.99,87,2,8.05,AU,1616169267
Kloulklubed,7.0419,134.2556,77.0,94,75,13.06,PW,1616169267
Busselton,-33.65,115.3333,64.99,78,86,7.56,AU,1616169268
Buraidah,26.326,43.975,84.2,30,0,12.66,SA,1616169269
Campbellsville,37.3434,-85.3419,42.01,60,75,12.66,US,1616169269
Cabo,-8.2833,-35.0333,84.2,58,40,12.66,BR,1616169269
Saint Paul Harbor,57.79,-152.4072,15.8,53,1,4.61,US,1616169270
Pauini,-7.7136,-66.9764,84.0,82,73,2.08,BR,1616169271
Ancud,-41.8697,-73.8203,61.0,76,75,4.61,CL,1616169271
Qaqortoq,60.7167,-46.0333,28.4,50,75,4.61,GL,1616169272
Aitape,-3.1374,142.3475,78.03,83,92,4.32,PG,1616169272
San,13.3034,-4.8956,102.25,7,25,4.47,ML,1616169273
Paphos,34.7667,32.4167,60.8,51,20,9.22,CY,1616169274
Blackwater,-23.5833,148.8833,71.8,91,90,5.41,AU,1616169274
College,64.8569,-147.8028,0.0,77,75,1.86,US,1616169147
Shalinskoye,55.7228,93.7594,17.89,78,86,12.41,RU,1616169275
Tsaratanana,-16.7833,47.65,76.14,88,100,4.45,MG,1616169275
Ekimchan,53.0667,132.9667,5.09,92,65,1.39,RU,1616169275
Winnemucca,40.973,-117.7357,44.6,70,90,1.48,US,1616169276
Mayahi,13.9553,7.6712,102.49,7,0,3.51,NE,1616169276
Santa,17.486,120.4348,79.03,82,99,4.32,PH,1616169277
Areosa,41.7178,-8.8571,62.6,59,0,16.11,PT,1616169277
Mahabalipuram,12.6264,80.1722,80.6,74,20,8.08,IN,1616169278
Lerwick,60.1545,-1.1494,46.4,93,75,11.5,GB,1616169279
Zyryanka,65.75,150.85,-22.09,92,0,8.93,RU,1616169279
Saint-Philippe,-21.3585,55.7679,78.8,83,90,11.5,RE,1616169280
Aykhal,66.0,111.5,-14.44,94,91,7.81,RU,1616169280
Meulaboh,4.1363,96.1285,78.21,86,99,4.18,ID,1616169281
Husavik,66.0449,-17.3389,50.0,66,40,23.02,IS,1616169282
Praia,14.9215,-23.5087,80.6,50,0,20.71,CV,1616169266
Chui,-33.6971,-53.4616,71.38,53,0,6.31,UY,1616169282
Mielec,50.2871,21.4239,35.01,86,75,12.66,PL,1616169283
Hofn,64.2539,-15.2082,46.4,93,90,19.57,IS,1616169284
Livingston,55.9029,-3.5226,53.6,66,20,5.75,GB,1616169284
Constitución,-35.3333,-72.4167,61.61,56,76,6.96,CL,1616169139
Preobrazheniye,42.9019,133.9064,34.07,68,32,2.91,RU,1616169285
Sola,-13.8833,167.55,82.2,75,97,11.41,VU,1616169164
Belaya,49.029,25.7706,37.99,54,100,3.18,UA,1616169286
Sibolga,1.7427,98.7792,78.37,88,100,2.98,ID,1616169287
Laas,46.6166,10.7002,51.8,44,75,6.91,IT,1616169149
Longyearbyen,78.2186,15.6401,30.2,80,40,9.22,SJ,1616169119
Kambove,-10.8764,26.5969,68.4,91,92,2.24,CD,1616169288
Kutum,14.2,24.6667,89.96,10,40,14.43,SD,1616169289
Marrakesh,31.6315,-8.0083,68.0,37,75,9.22,MA,1616169289
Kattivākkam,13.2167,80.3167,80.6,74,20,6.69,IN,1616169290
Lüderitz,-26.6481,15.1594,69.8,62,68,23.29,NA,1616169291
Baruun-Urt,46.6806,113.2792,22.89,91,100,16.46,MN,1616169291
Tura,25.5198,90.2201,74.43,24,25,3.29,IN,1616169292
Khovd,48.0056,91.6419,20.57,45,0,4.85,MN,1616169061
Ulaanbaatar,47.9077,106.8832,14.0,57,40,8.95,MN,1616169011
Shingū,33.7333,135.9833,51.94,77,82,5.17,JP,1616169293
Hokitika,-42.7167,170.9667,57.09,84,81,3.15,NZ,1616169294
Cambuci,-21.5753,-41.9111,87.8,55,20,11.5,BR,1616169286
Muros,42.7762,-9.0603,57.0,66,44,13.94,ES,1616169294
Ostrovnoy,68.0531,39.5131,11.07,87,49,18.72,RU,1616169295
Cockburn,-32.0833,141.0,71.6,60,43,11.5,AU,1616169295
Olafsvik,64.8945,-23.7142,40.59,95,100,15.3,IS,1616169296
Saltillo,25.4167,-101.0,53.6,50,1,6.91,MX,1616169064
Vila,42.0304,-8.1588,51.01,72,98,14.0,PT,1616169297
Kiunga,-6.1219,141.2906,72.14,92,82,1.21,PG,1616169297
Honāvar,14.2833,74.45,78.75,82,0,3.8,IN,1616169298
Coquimbo,-29.9533,-71.3436,64.4,59,75,11.5,CL,1616169092
Kapaa,22.0752,-159.319,69.8,78,90,19.57,US,1616169298
El Puerto de Santa María,36.5939,-6.233,66.2,34,0,10.36,ES,1616169262
Tiksi,71.6872,128.8694,-15.25,95,86,14.54,RU,1616169299
Tuatapere,-46.1333,167.6833,55.0,83,91,4.0,NZ,1616169115
Palora,-1.7,-77.9333,73.4,73,90,2.3,EC,1616169300
Honiara,-9.4333,159.95,77.85,85,77,2.91,SB,1616169300
Lancaster,40.2504,-76.2499,39.99,33,1,18.41,US,1616169301
Buala,-8.145,159.5921,78.91,83,92,2.59,SB,1616169302
Bracebridge,45.0334,-79.3163,26.6,31,1,5.75,CA,1616169302
Matagami,49.7502,-77.6328,23.0,50,1,11.5,CA,1616169304
Hamilton,39.1834,-84.5333,44.01,42,1,18.41,US,1616169228
Loikaw,19.6742,97.2094,74.64,35,0,3.11,MM,1616169305
Zhezkazgan,47.8043,67.7144,30.99,75,100,11.72,KZ,1616169305
Kharsāwān,22.8,85.8333,78.19,21,15,0.78,IN,1616169306
Roald,62.5833,6.1333,46.99,76,75,18.41,NO,1616169306
Broome,42.2506,-75.833,30.99,46,1,20.71,US,1616169307
Valença,-13.3703,-39.0731,80.46,84,99,5.5,BR,1616169143
Lompoc,34.6391,-120.4579,55.99,87,75,8.05,US,1616169308
Thompson,55.7435,-97.8558,33.8,69,20,6.91,CA,1616169308
Nemuro,43.3236,145.575,28.26,75,3,13.8,JP,1616169309
Pacific,38.482,-90.7415,44.01,57,9,3.0,US,1616169309
Northam,51.0333,-4.2167,55.0,67,80,5.01,GB,1616169310
Karratha,-20.7377,116.8463,79.34,58,1,20.51,AU,1616169311
East,65.0,-15.0,51.8,62,0,12.66,IS,1616169311
Krasnosel'kup,65.7,82.4667,-11.61,97,16,10.78,RU,1616169312
Haines,59.2286,-135.4441,30.2,86,90,6.91,US,1616169313
Mehamn,71.0357,27.8492,32.0,86,40,47.18,NO,1616169313
Yenotayevka,47.2456,47.0281,39.0,84,100,1.01,RU,1616169314
Chara,56.9064,118.2631,8.87,70,100,2.89,RU,1616169314
Arraial,-22.8362,-46.646,82.4,57,40,5.75,BR,1616169315
Acarí,-15.4311,-74.6158,80.28,59,34,10.02,PE,1616169315
Oriximiná,-1.7656,-55.8661,83.39,69,99,1.97,BR,1616169316
El Puerto de Santa María,36.5939,-6.233,66.2,34,0,10.36,ES,1616169317
Rocha,-34.4833,-54.3333,71.69,47,0,6.51,UY,1616169317
Sao,20.5113,76.2129,79.5,36,36,10.74,IN,1616169318
Lambaréné,-0.7001,10.2406,91.4,62,75,4.65,GA,1616169318
Mitsamiouli,-11.3847,43.2844,83.53,72,96,2.66,KM,1616169319
Celestún,20.8667,-90.4,76.14,69,0,16.42,MX,1616169320
Bowen,-20.0167,148.2333,73.4,94,98,5.75,AU,1616169320
Aberfeldy,56.62,-3.8645,55.99,73,99,5.01,GB,1616169320
Moose,43.6558,-110.7183,35.6,86,20,4.61,US,1616169321
Monywa,22.1167,95.1333,83.66,11,66,3.29,MM,1616169322
Mamlyutka,54.9375,68.5394,28.27,82,100,13.85,KZ,1616169322
Dudinka,69.4058,86.1778,-28.3,97,15,9.22,RU,1616169323
Olmos,-5.9847,-79.7453,83.57,52,100,5.06,PE,1616169323
Puteyets,65.1716,57.091,6.48,94,96,8.1,RU,1616169324
Partenit,44.578,34.3446,44.01,56,82,7.87,UA,1616169324
Stornoway,58.2093,-6.3865,51.01,87,75,8.05,GB,1616169325
Bull,6.1992,-10.2829,89.6,66,20,12.66,LR,1616169325
Ilulissat,69.2167,-51.1,21.2,53,75,14.97,GL,1616169326
Bilibino,68.0546,166.4372,-20.29,68,85,1.03,RU,1616169116
Banjarmasin,-3.3244,114.591,75.2,100,75,4.61,ID,1616169327
Viedma,-40.8135,-62.9967,73.58,30,0,19.3,AR,1616169327
Maniitsoq,65.4167,-52.9,25.12,82,100,16.13,GL,1616169328
Maltahöhe,-24.8333,16.9833,85.46,22,92,6.53,NA,1616169328
Saint-Pierre,-21.3393,55.4781,78.8,83,90,11.5,RE,1616169329
Paita,-5.0892,-81.1144,84.2,54,0,18.41,PE,1616169329
Aksu,41.1231,80.2644,41.59,38,6,6.42,CN,1616169330
Darnah,32.767,22.6367,65.41,54,91,16.89,LY,1616169330
Mossamedes,-15.1961,12.1522,75.33,75,51,13.13,AO,1616169139
Sao,20.5113,76.2129,79.5,36,36,10.74,IN,1616169331
Pontes,-4.8333,-43.3667,82.4,78,75,6.91,BR,1616169332
El Puerto de Santa María,36.5939,-6.233,66.2,34,0,10.36,ES,1616169262
Sabang,5.8933,95.3214,83.91,69,82,9.66,ID,1616169333
Bilma,18.6853,12.9164,101.55,7,81,1.74,NE,1616169334
Port,-7.0349,29.7638,77.38,69,89,1.9,CD,1616169334
Sao,20.5113,76.2129,79.5,36,36,10.74,IN,1616169335
San,13.3034,-4.8956,102.25,7,25,4.47,ML,1616169273
Ponta,38.7333,-28.2667,62.6,82,75,16.11,PT,1616169335
Bambous,-20.2567,57.4061,78.8,83,20,5.75,MU,1616169336
Urucará,-2.5364,-57.76,85.91,63,100,2.46,BR,1616169336
Mogadishu,2.0371,45.3438,80.85,79,0,16.46,SO,1616169337
Tutóia,-2.7619,-42.2744,87.8,66,40,16.11,BR,1616169337
Grand,38.8755,-109.5012,46.4,46,1,10.36,US,1616169338
Monte,42.4687,9.3916,51.8,50,20,6.91,FR,1616169338
Philadelphia,39.9523,-75.1638,43.0,38,75,21.85,US,1616169339
Cidreira,-30.1811,-50.2056,75.25,64,67,9.55,BR,1616169340
Tonantins,-2.8731,-67.8022,91.17,52,54,3.31,BR,1616169340
Aklavik,68.2191,-135.0107,-7.6,71,75,9.22,CA,1616169341
Ukiah,39.1502,-123.2078,46.4,87,90,3.44,US,1616169303
Parkersburg,39.2667,-81.5615,41.0,35,1,13.8,US,1616169342
Itacaré,-14.2775,-38.9967,79.56,86,100,6.98,BR,1616169343
Kavieng,-2.5744,150.7967,82.4,76,1,11.21,PG,1616169343
Manado,1.487,124.8455,77.0,94,20,1.14,ID,1616169344
Malindi,-3.2175,40.1191,86.0,70,40,11.5,KE,1616169345
Kaitangata,-46.2817,169.8464,47.12,93,88,6.93,NZ,1616169177
Port,-7.0349,29.7638,77.38,69,89,1.9,CD,1616169334
Conakry,9.538,-13.6773,80.15,62,0,14.16,GN,1616169346
Mujiayingzi,42.1167,118.7833,34.38,84,100,6.26,CN,1616169346
George Town,5.4112,100.3354,82.0,61,20,3.44,MY,1616169347
Codrington,-38.2667,141.9667,58.03,93,0,7.54,AU,1616169347
Lagoa,39.05,-27.9833,59.23,80,41,17.4,PT,1616169215
Esperance,-33.8667,121.9,64.4,82,0,11.5,AU,1616169348
Santa,17.486,120.4348,79.03,82,99,4.32,PH,1616169349
Kushiro,42.975,144.3747,28.63,81,94,4.61,JP,1616169349
Krivosheino,57.3431,83.9261,24.6,90,100,11.61,RU,1616169350
Tessalit,20.1986,1.0114,90.72,6,0,11.1,ML,1616169350
Chapais,49.7834,-74.8492,10.4,56,1,9.22,CA,1616169351
Narasannapeta,18.4167,84.05,75.69,72,47,5.44,IN,1616169352
Kholtoson,50.2981,103.3097,13.69,96,100,1.88,RU,1616169352
Lodja,-3.4833,23.4333,83.93,64,95,0.96,CD,1616169353
Marabu,4.4148,114.0089,80.6,94,40,4.61,MY,1616169354
Vila,42.0304,-8.1588,51.01,72,98,14.0,PT,1616169297
Arrondissement de Saint-Malo,48.5,-1.8333,48.99,57,0,21.85,FR,1616169355
San,13.3034,-4.8956,102.25,7,25,4.47,ML,1616169344
Peleduy,59.6289,112.7406,20.07,95,100,7.67,RU,1616169356
Romny,50.751,33.4747,34.03,80,100,4.94,UA,1616169356
Kulhudhuffushi,6.6221,73.07,83.14,69,37,5.79,MV,1616169357
Kapchorwa,1.3965,34.4509,68.34,61,87,4.59,UG,1616169357
Merauke,-8.4667,140.3333,77.63,85,98,6.49,ID,1616169304
Iracoubo,5.4802,-53.2011,81.3,67,35,8.16,GF,1616169358
Flinders,-34.5833,150.8552,70.0,90,100,5.01,AU,1616169358
Fairbanks,64.8378,-147.7164,0.0,84,75,1.99,US,1616169359
Necochea,-38.5473,-58.7368,70.0,51,0,5.01,AR,1616169359
Poronaysk,49.2167,143.1167,20.97,76,100,5.61,RU,1616169360
Acará,-1.9608,-48.1967,79.05,94,91,3.65,BR,1616169360
Cururupu,-1.8283,-44.8683,82.02,85,50,3.96,BR,1616169361
Montanha,-18.1269,-40.3633,82.49,66,100,5.59,BR,1616169361
Amboasary,-25.0333,46.3833,82.4,74,20,21.85,MG,1616169362
Tomatlán,19.9333,-105.25,82.36,36,0,3.47,MX,1616169363
Miyako,39.6367,141.9525,36.55,78,65,3.24,JP,1616169363
Zhicheng,30.2956,111.5047,46.0,91,100,1.07,CN,1616169364
Makakilo,21.3524,-158.0865,69.8,68,20,6.91,US,1616169365
Shimsk,58.212,30.7127,23.43,76,82,6.85,RU,1616169365
Senneterre,48.3835,-77.2328,21.2,53,20,11.5,CA,1616169366
Talnakh,69.4865,88.3972,-24.02,93,45,9.46,RU,1616169366
Mount Abu,24.6,72.7,63.97,26,8,3.76,IN,1616169366
Tūkrah,32.5341,20.5791,66.96,53,97,18.68,LY,1616169367
Ahipara,-35.1667,173.1667,57.33,84,1,7.65,NZ,1616169368
Cherskiy,68.75,161.3,-32.03,100,10,1.25,RU,1616169368
Kavaratti,10.5669,72.642,83.44,72,2,9.64,IN,1616169369
Hasaki,35.7333,140.8333,46.4,87,20,5.75,JP,1616169369
Oranjestad,12.524,-70.027,82.4,61,20,18.41,AW,1616169175
Anloga,5.7947,0.8973,86.0,66,20,9.22,GH,1616169370
Grindavik,63.8424,-22.4338,46.4,87,75,26.46,IS,1616169371
Fort,52.6517,6.3861,46.99,58,45,4.0,NL,1616169198
Dandong,40.1292,124.3947,45.45,66,100,3.29,CN,1616169372
Eureka,40.8021,-124.1637,46.99,76,20,8.05,US,1616169372
Seoul,37.5683,126.9778,59.0,66,53,4.61,KR,1616169188
Gilbués,-9.8317,-45.3439,81.3,70,100,6.04,BR,1616169373
Airai,-8.9266,125.4092,59.94,90,74,1.86,TL,1616169373
Lowestoft,52.4752,1.7516,48.0,81,0,5.01,GB,1616169286
Madang,-5.2246,145.7966,76.66,88,98,4.05,PG,1616169374
Saposoa,-6.934,-76.7716,78.8,78,75,2.55,PE,1616169374
Roebourne,-20.7833,117.1333,78.87,59,0,20.15,AU,1616169375
Angleton,29.1694,-95.4319,60.01,54,1,9.22,US,1616169376
Esim,4.8699,-2.2405,83.79,66,99,9.89,GH,1616169376
Alice,27.7523,-98.0697,64.4,39,1,11.5,US,1616169377
Dunmore,41.4198,-75.6324,34.0,37,1,16.11,US,1616169377
Port,-7.0349,29.7638,77.38,69,89,1.9,CD,1616169229
Swan,18.2242,121.3791,73.31,98,99,1.57,PH,1616169378
Mentakab,3.4865,102.3516,75.43,83,21,1.68,MY,1616169379
Alappuzha,9.49,76.3264,82.11,77,48,2.64,IN,1616169379
Atasū,48.6814,71.6433,29.23,57,88,15.21,KZ,1616169380
Saint-Paul,-21.0096,55.2707,78.8,69,90,13.8,RE,1616169381
Baoro,5.6667,15.9667,87.67,43,60,5.32,CF,1616169381
Ergolding,48.5833,12.1667,36.0,93,40,4.61,DE,1616169382
Comodoro,-13.6631,-59.7858,77.36,75,100,2.68,BR,1616169383
Rāzampeta,14.1833,79.1667,75.74,57,0,3.67,IN,1616169383
Sungai Raya,0.7,108.9,78.35,86,59,5.64,ID,1616169384
Fortuna,40.5982,-124.1573,48.0,93,1,6.91,US,1616169280
Leningradskiy,69.3833,178.4167,-22.92,85,15,0.56,RU,1616169385
Evanston,42.0411,-87.6901,39.99,45,20,12.66,US,1616169261
Nanortalik,60.1432,-45.2371,30.24,79,100,15.66,GL,1616169385
Rome,43.2128,-75.4557,30.0,39,1,13.8,US,1616169189
Andenes,69.3143,16.1194,41.0,81,75,28.77,NO,1616169386
Lata,40.1629,-8.3327,61.0,47,0,18.41,PT,1616169386
California,38.3004,-76.5074,42.8,52,1,9.22,US,1616169209
Kamina,-8.7386,24.9906,72.59,87,100,2.13,CD,1616169387
Mayo,38.8876,-76.5119,44.01,42,1,18.41,US,1616169262
Sydney,-33.8679,151.2073,69.01,99,100,10.0,AU,1616169228
Dawson,31.7735,-84.4466,55.4,58,75,10.36,US,1616169388
Yeppoon,-23.1333,150.7333,75.2,83,40,6.91,AU,1616169389
Katsuura,35.1333,140.3,54.0,71,40,6.91,JP,1616169389
Launceston,-41.45,147.1667,53.01,87,10,8.05,AU,1616169390
Bud,39.447,-86.1758,42.01,53,97,15.68,US,1616169390
Tooele,40.5308,-112.2983,57.2,38,1,18.41,US,1616169391
Yanam,16.7333,82.2167,73.38,81,26,2.84,IN,1616169392
Melfi,40.9965,15.6514,48.2,80,90,10.36,IT,1616169392
Terrace,54.5163,-128.6035,33.8,100,90,2.3,CA,1616169393
Verāval,20.9,70.3667,74.66,84,0,11.7,IN,1616169393
Grand,38.8755,-109.5012,46.4,46,1,10.36,US,1616169338
Nhulunbuy,-12.2333,136.7667,77.0,94,90,3.44,AU,1616169394
Mingshui,36.7167,117.5,48.2,61,90,13.42,CN,1616169395
Olinda,-8.0089,-34.8553,84.2,58,40,12.66,BR,1616169395
Gusau,12.1628,6.6614,101.14,13,37,4.43,NG,1616169395
Port,-7.0349,29.7638,77.38,69,89,1.9,CD,1616169334
Bousso,10.4795,16.7117,100.35,22,15,11.48,TD,1616169396
Ndendé,-2.4008,11.3581,74.89,96,100,2.3,GA,1616169396
Petropavlovsk-Kamchatskiy,53.0452,158.6483,32.0,100,90,6.71,RU,1616169397
Bathsheba,13.2167,-59.5167,82.4,54,40,17.27,BB,1616169397
Ambon City,-3.6954,128.1814,77.0,94,20,3.44,ID,1616169219
Marsh,53.6512,-1.8078,48.99,88,100,3.0,GB,1616169398
Mahon,39.8885,4.2658,48.2,61,40,14.97,ES,1616169399
Dwārka,22.2394,68.9678,76.05,80,0,11.52,IN,1616169400
Harper,4.375,-7.7169,83.25,71,0,10.02,LR,1616169400
Bandarbeyla,9.4942,50.8122,78.96,72,37,13.91,SO,1616169401
Longkou,37.6508,120.3286,40.82,64,100,7.76,CN,1616169401
Aswān,24.0934,32.907,83.91,10,0,10.25,EG,1616169402
Kozhva,65.1073,57.0459,7.02,95,98,7.65,RU,1616169403
Buriti,-22.9302,-45.3881,84.2,58,75,8.05,BR,1616169403
Monteagudo,-19.8167,-63.9833,73.4,64,90,6.82,BO,1616169404
Mahibadhoo,3.7833,72.9667,83.37,72,17,7.78,MV,1616169404
Yorkton,51.2167,-102.4677,35.6,75,1,14.97,CA,1616169196
Hobyo,5.3505,48.5268,81.79,78,83,16.13,SO,1616169405
Butembo,0.15,29.2833,64.53,85,88,1.99,CD,1616169406
Inta,66.0317,60.1659,-6.86,97,59,10.31,RU,1616169407
Nipawin,53.3668,-104.0009,32.0,80,1,9.22,CA,1616169407
Synya,65.3718,58.0387,2.07,96,84,6.4,RU,1616169408
Nuuk,64.1835,-51.7216,30.2,47,90,8.05,GL,1616169408
Harrisonburg,38.4496,-78.8689,44.01,41,81,1.99,US,1616169333
Kumul,42.8,93.45,35.08,20,0,13.11,CN,1616169246
Huntington,38.4193,-82.4452,44.01,45,1,14.97,US,1616169156
Bellavista,-7.0561,-76.5911,78.8,78,75,1.57,PE,1616169410
Białogard,54.007,15.9875,30.0,66,53,5.99,PL,1616169382
Kaura,12.2928,4.4627,102.43,15,90,4.27,NG,1616169411
Dubbo,-32.25,148.6167,64.4,77,90,12.66,AU,1616169411
Tadine,-21.55,167.8833,75.02,79,100,15.64,NC,1616169412
Port-Cartier,50.0334,-66.8654,17.01,40,20,14.97,CA,1616169412
Maxixe,-23.8597,35.3472,84.2,65,20,6.91,MZ,1616169413
Ust-Maya,60.4167,134.5333,1.87,96,88,3.74,RU,1616169414
Kirakira,-10.4544,161.9205,79.23,81,83,3.8,SB,1616169118
Leshukonskoye,64.8989,45.7622,6.53,96,93,5.28,RU,1616169415
Kanungu,-0.9575,29.7897,67.59,83,55,3.24,UG,1616169415
Erbil,36.1926,44.0106,60.8,48,40,3.44,IQ,1616169416
Guerrero,17.6667,-100.0,78.17,47,0,4.5,MX,1616169416
Buchanan,5.8808,-10.0467,89.6,66,20,12.66,LR,1616169416
Srednekolymsk,67.45,153.6833,-27.27,96,0,2.64,RU,1616169417
Coyhaique,-45.5752,-72.0662,57.2,47,75,9.22,CL,1616169153
Wolbrom,50.3796,19.7583,36.0,70,99,1.99,PL,1616169418
Nicoya,10.1483,-85.452,86.0,58,40,4.61,CR,1616169418
Toora-Khem,52.4675,96.11,8.65,89,16,1.28,RU,1616169419
Prome,18.8167,95.2167,79.0,31,12,3.78,MM,1616169420
Acaraú,-2.8856,-40.12,85.55,68,57,12.68,BR,1616169421
Sechura,-5.5569,-80.8222,82.35,54,99,9.66,PE,1616169421
Sitka,57.0531,-135.33,33.8,86,90,13.8,US,1616169422
Magnolia,33.2671,-93.2393,52.0,66,90,10.36,US,1616169422
Prieska,-29.6641,22.7474,88.84,15,18,10.83,ZA,1616169423
El Puerto de Santa María,36.5939,-6.233,66.2,34,0,10.36,ES,1616169317
Esil,51.9556,66.4042,31.64,76,100,16.49,KZ,1616169423
Anadyr,64.75,177.4833,-18.0,76,0,6.71,RU,1616169424
Carbonia,39.1672,8.5222,54.0,81,75,1.14,IT,1616169195
Batagay,67.6333,134.6333,3.97,82,94,5.75,RU,1616169425
Dunedin,-45.8742,170.5036,55.0,74,91,10.0,NZ,1616169256
Thohoyandou,-22.9456,30.485,78.13,57,12,4.59,ZA,1616169425
Red,37.9709,71.73,36.01,90,100,2.93,TJ,1616169426
Gisborne,-38.6533,178.0042,54.0,94,91,1.99,NZ,1616169426
Dedza,-14.3779,34.3332,62.47,95,83,1.5,MW,1616169427
Zunyi,27.6867,106.9072,60.96,87,95,5.48,CN,1616169428
Pangnirtung,66.1451,-65.7125,-13.0,64,1,2.3,CA,1616169428
Fayaoué,-20.65,166.5333,78.84,78,100,18.54,NC,1616169429
Sioux,42.7333,-96.2336,39.99,70,1,11.5,US,1616169430
Province of Mantua,45.1667,10.7833,48.99,53,77,4.0,IT,1616169430
Finnsnes,69.2296,17.9811,42.8,56,40,14.97,NO,1616169256
Malartic,48.1335,-78.1328,27.0,53,20,11.5,CA,1616169431
Melbu,68.5044,14.8297,41.0,87,75,17.27,NO,1616169432
Arlit,18.7369,7.3853,100.17,7,8,10.76,NE,1616169432
Mirpur,33.1489,73.7552,69.62,31,0,5.48,PK,1616169433
Sassari,40.7272,8.5603,53.6,54,40,10.36,IT,1616169434
Bījār,35.8668,47.6051,39.79,50,0,16.62,IR,1616169434
Norwich,52.6278,1.2983,48.99,66,20,9.22,GB,1616169435
Kenora,49.8167,-94.4337,35.6,64,20,16.11,CA,1616169395
Nālūt,30.3333,10.85,71.98,20,0,17.69,LY,1616169436
Paamiut,61.994,-49.6678,29.7,64,100,18.77,GL,1616169436
Marzuq,14.4,46.4667,67.37,43,23,7.16,YE,1616169437
Ābdānān,32.9926,47.4198,59.86,33,25,8.14,IR,1616169437
Bokoro,12.3807,17.0568,102.52,18,76,5.01,TD,1616169438
Guanare,9.0418,-69.7421,84.2,51,99,3.44,VE,1616169439
Lucea,18.451,-78.1736,84.0,69,20,16.11,JM,1616169144
Heihe,50.2441,127.4902,17.6,67,0,2.24,CN,1616169885
Terney,45.0503,136.6092,28.42,75,0,6.78,RU,1616169886
Lábrea,-7.2586,-64.7981,83.86,67,100,3.67,BR,1616169886
Maragogi,-9.0122,-35.2225,84.67,62,10,9.8,BR,1616169887
Suntar,62.1444,117.6319,18.63,94,100,6.35,RU,1616169888
Jalu,29.0331,21.5482,83.25,14,4,15.21,LY,1616169888
Kommunar,59.6206,30.39,23.0,54,75,8.95,RU,1616169889
Gigmoto,13.7796,124.39,79.45,85,35,4.94,PH,1616169890
Santa,17.486,120.4348,79.03,82,99,4.32,PH,1616169890
Shache,38.4167,77.2406,45.63,32,59,2.55,CN,1616169891
Oranjemund,-28.55,16.4333,65.97,79,24,18.86,NA,1616169892
Sambava,-14.2667,50.1667,79.34,85,96,8.66,MG,1616169892
Mawlaik,23.6333,94.4167,74.41,26,100,0.98,MM,1616169893
Mareeba,-17.0,145.4333,73.4,94,100,1.79,AU,1616169894
Vrangel',42.7297,133.0839,34.83,63,58,3.06,RU,1616169894
Nome,64.5011,-165.4064,-20.0,69,1,3.98,US,1616169895
Sao,20.5113,76.2129,79.5,36,36,10.74,IN,1616169895
Bodaybo,57.8506,114.1933,16.63,93,100,5.46,RU,1616169896
Victor,42.9826,-77.4089,30.0,54,1,5.01,US,1616169897
Tezu,27.9167,96.1667,76.39,24,13,4.79,IN,1616169897
Newport,51.5877,-2.9984,52.0,78,89,11.72,GB,1616169875
Williston,48.147,-103.618,39.2,60,1,8.05,US,1616169058
Tongren,27.7172,109.1853,47.71,91,99,6.24,CN,1616169618
Departamento de Maldonado,-34.6667,-54.9167,69.8,56,0,8.05,UY,1616169728
Hoshcha,50.6003,26.6744,32.0,74,40,6.71,UA,1616169899
Balabac,7.9868,117.0645,82.22,80,86,7.63,PH,1616169899
Mariehamn,60.0973,19.9348,28.4,40,0,8.05,AX,1616169900
Isangel,-19.55,169.2667,71.6,94,20,10.96,VU,1616169869
Nyurba,63.2842,118.3319,9.01,92,100,4.76,RU,1616169901
Dingle,10.9995,122.6711,77.52,81,21,5.46,PH,1616169902
Chirongui,-12.9319,45.1483,82.4,83,38,5.75,YT,1616169902
Xinmin,41.9908,122.8253,44.6,36,100,4.47,CN,1616169905
Khani,41.9563,42.9566,42.8,93,90,2.3,GE,1616169906
Almaznyy,48.0448,40.045,39.2,87,75,11.18,RU,1616169906
Tartous,34.889,35.8866,59.0,74,0,2.59,SY,1616169907
Berdigestyakh,62.0989,126.6992,18.84,94,100,7.25,RU,1616169908
Wellington,-41.2866,174.7756,53.6,76,0,4.61,NZ,1616169908
Tabas,33.5959,56.9244,77.38,17,20,9.57,IR,1616169909
Misratah,32.3754,15.0925,65.79,63,37,13.76,LY,1616169910
Padang,-0.9492,100.3543,77.0,94,75,4.61,ID,1616169910
Ambatofinandrahana,-20.55,46.8,64.44,93,100,7.94,MG,1616169911
Aljezur,37.3191,-8.8033,61.84,48,70,12.48,PT,1616169911
Fort-Shevchenko,44.5086,50.263,41.05,81,0,12.19,KZ,1616169912
Santa,17.486,120.4348,79.03,82,99,4.32,PH,1616169912
Ust-Kuyga,70.0167,135.6,-3.3,92,100,6.73,RU,1616169913
Katherine,-14.4667,132.2667,75.2,100,100,4.61,AU,1616169823
Cloquet,46.7216,-92.4594,45.0,30,1,17.27,US,1616169842
Paseh,-7.1026,107.7641,68.49,95,100,2.01,ID,1616169914
Tiznit Province,29.5833,-9.5,59.04,64,79,17.78,MA,1616169914
Kastamonu Province,41.5,33.6667,36.9,90,100,3.15,TR,1616169873
Tegul'det,57.3064,88.1667,22.66,91,100,11.21,RU,1616169915
Sao,20.5113,76.2129,79.5,36,36,10.74,IN,1616169916
Pithora,21.2667,82.5167,80.53,43,86,6.91,IN,1616169916
Tolyatti,53.5303,49.3461,30.2,80,40,20.13,RU,1616169917
Carnot,4.9409,15.8665,91.67,38,40,3.98,CF,1616169662
Sao,20.5113,76.2129,79.5,36,36,10.74,IN,1616169917
Ubari,26.5921,12.7805,85.89,11,0,22.5,LY,1616169622
Molochnoye,59.2917,39.6787,23.9,93,100,7.14,RU,1616169918
Taoudenni,22.6783,-3.9836,95.74,5,0,18.57,ML,1616169918
Muzhi,65.3667,64.6667,-10.53,97,97,10.07,RU,1616169919
Colac,-38.3333,143.5833,61.0,93,4,9.84,AU,1616169920
Bassar,9.25,0.7833,91.4,55,0,2.3,TG,1616169920
Severo-Yeniseyskiy,60.3725,93.0408,21.54,87,100,16.24,RU,1616169921
Matane,48.8286,-67.522,15.01,57,68,15.43,CA,1616169922
Saint-Augustin,51.226,-58.6502,21.25,83,64,13.73,CA,1616169922
Yuzhno-Kurilsk,44.0306,145.8556,24.98,85,5,15.23,RU,1616169923
Bassila,9.0081,1.6654,89.6,55,0,2.3,BJ,1616169923
Adrar,20.5022,-10.0711,91.26,7,0,9.04,MR,1616169924
Kirkwall,58.9848,-2.9587,46.4,87,75,10.36,GB,1616169924
Marshall,34.3834,-86.3333,50.0,81,90,11.5,US,1616169925
Greytown,-29.0642,30.5928,66.33,90,1,7.14,ZA,1616169925
Yar-Sale,66.8333,70.8333,-18.11,98,27,10.11,RU,1616169926
Bershet',57.7309,56.3783,33.8,69,75,11.18,RU,1616169926
Port,-7.0349,29.7638,77.38,69,89,1.9,CD,1616169927
Taltal,-25.4,-70.4833,68.29,72,62,5.55,CL,1616169907
Labuhan,-6.8844,112.2051,80.56,84,92,7.61,ID,1616169928
Carroll,39.5501,-77.0164,39.99,41,1,9.22,US,1616169928
Kardailovo,51.5386,53.9042,33.75,98,100,9.6,RU,1616169929
Arnprior,45.4334,-76.3494,27.0,48,0,1.01,CA,1616169918
Vao,-22.6667,167.4833,76.33,77,100,20.87,NC,1616169929
North,50.3333,3.6667,48.0,53,0,13.8,FR,1616169930
Copiapó,-27.3667,-70.3333,68.0,45,0,8.05,CL,1616169930
Āreka,7.0667,37.7,69.01,63,91,4.47,ET,1616169931
San,13.3034,-4.8956,102.25,7,25,4.47,ML,1616169676
Westport,41.1415,-73.3579,39.2,24,1,19.57,US,1616169932
Yuli,9.6989,10.2744,103.95,16,51,4.97,NG,1616169932
Half,6.3807,-10.6953,89.6,66,20,12.66,LR,1616169933
Petrokamenskoye,57.716,60.6484,26.74,96,100,7.29,RU,1616169934
Makat,47.6469,53.3463,32.59,96,100,24.34,KZ,1616169934
Kaabong,3.4836,34.1492,72.37,61,73,8.52,UG,1616169935
Roxana,10.2753,-83.7513,80.01,68,75,19.57,CR,1616169935
Caravelas,-17.7125,-39.2481,85.5,56,62,9.71,BR,1616169936
Waterford,42.7023,-83.4027,41.0,34,1,13.8,US,1616169684
Balakhta,55.38,91.6,12.49,89,70,3.49,RU,1616169937
Pāsighāt,28.0667,95.3333,75.49,37,2,4.83,IN,1616169937
Rey,35.5883,51.449,60.8,12,75,6.91,IR,1616169938
Aberdeen,57.1437,-2.0981,50.0,87,90,11.5,GB,1616169770
Mocuba,-16.8392,36.9856,75.4,95,56,4.68,MZ,1616169939
Camacha,33.0833,-16.3333,62.6,55,75,13.8,PT,1616169939
Petkovci,44.4531,19.0761,42.8,49,40,3.44,BA,1616169940
Amvrosiyivka,47.7935,38.4777,39.34,72,100,5.86,UA,1616169727
Mattru,7.6244,-11.8332,96.4,37,25,5.91,SL,1616169941
Prince,52.9669,-108.3847,44.6,57,1,8.05,CA,1616169942
